{
  "model": "ARIMA(1,1,1)",
  "RMSE": 0.30505535347937945,
  "MAE": 0.13131254200171108,
  "MAPE": 0.7405693286695697
}