{
  "model": "CNN-LSTM",
  "RMSE": 0.2844996713567819,
  "MAE": 0.17196176459752216,
  "MAPE": 0.9731944942110523
}