{
  "dataset": "USD/ZAR (ZAR=X)",
  "train_size": 2555,
  "test_size": 639,
  "lookback": 60,
  "models": {
    "ARIMA": {
      "model": "ARIMA(1,1,1)",
      "RMSE": 0.30505535347937945,
      "MAE": 0.13131254200171108,
      "MAPE": 0.7405693286695697
    },
    "LSTM": {
      "model": "LSTM",
      "RMSE": 0.3135764661317308,
      "MAE": 0.13208225395189463,
      "MAPE": 0.7506997286020075
    },
    "CNN-LSTM": {
      "model": "CNN-LSTM",
      "RMSE": 0.2844996713567819,
      "MAE": 0.17196176459752216,
      "MAPE": 0.9731944942110523
    }
  }
}