{
  "model": "LSTM",
  "RMSE": 0.3135764661317308,
  "MAE": 0.13208225395189463,
  "MAPE": 0.7506997286020075
}